Symbol,Price,Price/Earnings,Dividend Yield,Earnings/Share,52 Week Low,52 Week High,Market Cap,EBITDA,Price/Sales,Price/Book,SEC Filings
MMM,168.31,29.8422,0.0185,5.64,139.34,184.9,86801244160.0,6488000000.0,3.4472296,29.404263,http://www.sec.gov/cgi-bin/browse-edgar?action=getcompany&CIK=MMM
ACN,193.12,15.424919,0.0347,12.52,118.15,291.09,118178250752.0,12943767552.0,1.6166525,3.7052245,http://www.sec.gov/cgi-bin/browse-edgar?action=getcompany&CIK=ACN
ADBE,285.75,15.999439,,17.86,190.12,370.86,113585627136.0,9729000448.0,4.507724,9.898847,http://www.sec.gov/cgi-bin/browse-edgar?action=getcompany&CIK=ADBE
AMD,456.16,116.36735,,3.92,149.22,584.73,744669773824.0,9562000384.0,18.028563,11.074264,http://www.sec.gov/cgi-bin/browse-edgar?action=getcompany&CIK=AMD
AKAM,106.5,38.035713,,2.8,70.82,165.45,15305819136.0,1079897984.0,3.540691,3.2204416,http://www.sec.gov/cgi-bin/browse-edgar?action=getcompany&CIK=AKAM
AMZN,258.9,20.531324,,12.61,196.0,287.2,2792576516096.0,168911994880.0,3.6001656,5.06099,http://www.sec.gov/cgi-bin/browse-edgar?action=getcompany&CIK=AMZN
APH,82.07,41.035,0.0125,2.0,54.34,89.26,202381901824.0,9463700480.0,6.975896,13.060153,http://www.sec.gov/cgi-bin/browse-edgar?action=getcompany&CIK=APH
ADI,356.5,42.18935,0.0124,8.45,223.47,445.91,172747587584.0,6922700800.0,12.444227,5.1488323,http://www.sec.gov/cgi-bin/browse-edgar?action=getcompany&CIK=ADI
AAPL,328.21,37.29659,0.0033,8.8,225.95,344.57,4789955985408.0,167959003136.0,10.260755,44.593746,http://www.sec.gov/cgi-bin/browse-edgar?action=getcompany&CIK=AAPL
AMAT,435.91,37.643353,0.0048,11.58,158.82,739.67,345937051648.0,10154999808.0,11.2182455,13.499427,http://www.sec.gov/cgi-bin/browse-edgar?action=getcompany&CIK=AMAT
ANET,191.44,60.58228,,3.16,114.52,214.89,241448861696.0,4639600128.0,22.906122,16.316374,http://www.sec.gov/cgi-bin/browse-edgar?action=getcompany&CIK=ANET
ADSK,237.52,30.806746,,7.71,185.5,329.09,49641680896.0,2286000128.0,6.372488,14.673504,http://www.sec.gov/cgi-bin/browse-edgar?action=getcompany&CIK=ADSK
AZO,2968.04,20.432604,,145.26,2902.2,4388.11,48454307840.0,4263984896.0,2.4243636,-17.447668,http://www.sec.gov/cgi-bin/browse-edgar?action=getcompany&CIK=AZO
BBY,87.49,14.461156,0.0441,6.05,55.1,91.27,18440015872.0,2652000000.0,0.43695682,5.807886,http://www.sec.gov/cgi-bin/browse-edgar?action=getcompany&CIK=BBY
AVGO,357.16,45.672634,0.007,7.82,289.96,495.0,1699217408000.0,42083999744.0,22.51663,20.8293,http://www.sec.gov/cgi-bin/browse-edgar?action=getcompany&CIK=AVGO
CDNS,304.875,60.975,,5.0,262.75,416.69,84089405440.0,2155915008.0,14.404735,12.242992,http://www.sec.gov/cgi-bin/browse-edgar?action=getcompany&CIK=CDNS
CAT,800.14,34.473934,0.0082,23.21,414.29,1073.46,367804252160.0,16250999808.0,4.921841,18.96381,http://www.sec.gov/cgi-bin/browse-edgar?action=getcompany&CIK=CAT
CDW,153.92,17.856148,0.017,8.62,97.12,171.55,19242682368.0,2010899968.0,0.8188236,7.897383,http://www.sec.gov/cgi-bin/browse-edgar?action=getcompany&CIK=CDW
CSCO,108.61,32.91212,0.0153,3.3,66.13,130.37,428079218688.0,18626000896.0,6.760035,8.529135,http://www.sec.gov/cgi-bin/browse-edgar?action=getcompany&CIK=CSCO
CTSH,64.64,13.871245,0.0208,4.66,37.08,87.03,30574718976.0,4036000000.0,1.4127492,2.0202525,http://www.sec.gov/cgi-bin/browse-edgar?action=getcompany&CIK=CTSH
GLW,146.0,66.97247,0.0078,2.18,69.39,271.78,125507125248.0,4084999936.0,7.3984394,10.531631,http://www.sec.gov/cgi-bin/browse-edgar?action=getcompany&CIK=GLW
COST,925.41,46.573223,0.0063,19.87,844.06,1096.5,410399703040.0,13790000128.0,1.397881,24.82456,http://www.sec.gov/cgi-bin/browse-edgar?action=getcompany&CIK=COST
CRWD,214.97,5374.25,,0.04,85.68,233.88,220115271680.0,106861000.0,40.791206,43.14068,http://www.sec.gov/cgi-bin/browse-edgar?action=getcompany&CIK=CRWD
CMI,545.5,28.162106,0.016,19.37,390.11,737.76,75273035776.0,5020000256.0,2.1687517,5.845415,http://www.sec.gov/cgi-bin/browse-edgar?action=getcompany&CIK=CMI
DE,694.41,38.750557,0.0093,17.92,433.0,705.88,187230568448.0,8600000512.0,3.906578,6.6934953,http://www.sec.gov/cgi-bin/browse-edgar?action=getcompany&CIK=DE
DELL,516.39,28.656492,0.0051,18.02,110.22,530.78,333661470720.0,17501999104.0,2.2067995,-238.73785,http://www.sec.gov/cgi-bin/browse-edgar?action=getcompany&CIK=DELL
DG,131.26,17.00259,0.018,7.72,95.11,158.23,28958158848.0,3581925888.0,0.6635996,3.1175923,http://www.sec.gov/cgi-bin/browse-edgar?action=getcompany&CIK=DG
DLTR,131.04,16.15783,,8.11,84.71,142.4,24587073536.0,2503800064.0,1.2251453,7.2262044,http://www.sec.gov/cgi-bin/browse-edgar?action=getcompany&CIK=DLTR
DOV,191.07,23.10399,0.0111,8.27,158.97,237.54,25733351424.0,1908990976.0,3.0560129,3.340268,http://www.sec.gov/cgi-bin/browse-edgar?action=getcompany&CIK=DOV
DD,131.13,56.278973,,2.33,92.48536,157.98,17705095168.0,1583000064.0,2.5336425,1.2860548,http://www.sec.gov/cgi-bin/browse-edgar?action=getcompany&CIK=DD
EBAY,105.86,22.427967,0.0116,4.72,78.03,119.31,47107698688.0,3096000000.0,3.9230263,10.098254,http://www.sec.gov/cgi-bin/browse-edgar?action=getcompany&CIK=EBAY
FFIV,392.15,31.247011,,12.55,223.76,435.0,22206349312.0,923304000.0,6.7102213,5.779576,http://www.sec.gov/cgi-bin/browse-edgar?action=getcompany&CIK=FFIV
FICO,1118.93,32.413963,,34.52,870.01,1998.01,24166244352.0,1263363968.0,10.096297,-5.898139,http://www.sec.gov/cgi-bin/browse-edgar?action=getcompany&CIK=FICO
FRT,117.16,23.81301,0.0393,4.92,90.03,128.21,10183360512.0,837700992.0,7.6255693,3.1763592,http://www.sec.gov/cgi-bin/browse-edgar?action=getcompany&CIK=FRT
FSLR,207.42,12.780037,,16.23,182.99,320.95,22291384320.0,2385900032.0,4.144866,2.1599276,http://www.sec.gov/cgi-bin/browse-edgar?action=getcompany&CIK=FSLR
FTNT,156.36,54.67133,,2.86,73.55,173.89,114723471360.0,2595800064.0,15.240784,73.96405,http://www.sec.gov/cgi-bin/browse-edgar?action=getcompany&CIK=FTNT
FTV,57.57,29.984375,0.0049,1.92,46.75,64.56,17550850048.0,1234599936.0,4.0666504,2.8744757,http://www.sec.gov/cgi-bin/browse-edgar?action=getcompany&CIK=FTV
IT,195.46,17.59316,,11.11,124.25,265.85,12343099392.0,1383901056.0,1.9096246,-75.234795,http://www.sec.gov/cgi-bin/browse-edgar?action=getcompany&CIK=IT
GEV,941.84,27.02554,,34.85,530.16,1195.94,250843627520.0,3927000064.0,6.0638585,20.97873,http://www.sec.gov/cgi-bin/browse-edgar?action=getcompany&CIK=GEV
GEN,31.33,18.321636,0.0163,1.71,17.78,31.6457,18753730560.0,2409999872.0,3.692406,7.0658545,http://www.sec.gov/cgi-bin/browse-edgar?action=getcompany&CIK=GEN
GNRC,183.02,41.977062,,4.36,134.8,296.44,10799212544.0,636244992.0,2.43295,3.7527938,http://www.sec.gov/cgi-bin/browse-edgar?action=getcompany&CIK=GNRC
GDDY,103.63,15.128467,,6.85,71.59,150.47,13124501504.0,1379000064.0,2.5713646,1955.283,http://www.sec.gov/cgi-bin/browse-edgar?action=getcompany&CIK=GDDY
HPE,54.44,48.60714,0.0112,1.12,19.84,64.25,72089640960.0,5631000064.0,1.8582679,2.8483229,http://www.sec.gov/cgi-bin/browse-edgar?action=getcompany&CIK=HPE
HD,318.07,22.242657,,14.3,289.1,426.75,317335142400.0,24647999488.0,1.8757693,19.103304,http://www.sec.gov/cgi-bin/browse-edgar?action=getcompany&CIK=HD
HON,207.63,7.924809,0.0136,26.2,195.86786,260.28317,65806254080.0,8512000000.0,1.7291498,3.5500197,http://www.sec.gov/cgi-bin/browse-edgar?action=getcompany&CIK=HON
HPQ,31.93,12.187023,0.0375,2.62,17.56,32.55,28794185728.0,4636000256.0,0.48670068,-313.0392,http://www.sec.gov/cgi-bin/browse-edgar?action=getcompany&CIK=HPQ
HUBB,460.15,26.659906,0.0126,17.26,403.82,565.4999,24315142144.0,1515500032.0,3.9069254,6.214632,http://www.sec.gov/cgi-bin/browse-edgar?action=getcompany&CIK=HUBB
IBM,234.71,20.570553,0.0292,11.41,199.19,332.46,221128376320.0,16472999936.0,3.200353,6.418453,http://www.sec.gov/cgi-bin/browse-edgar?action=getcompany&CIK=IBM
IEX,223.1,32.146976,0.013,6.94,158.19,243.8,16446909440.0,967699968.0,4.5873175,4.1191244,http://www.sec.gov/cgi-bin/browse-edgar?action=getcompany&CIK=IEX
ITW,271.65,24.385098,0.0256,11.14,238.82,303.16,77365919744.0,4806000128.0,4.6976695,26.731943,http://www.sec.gov/cgi-bin/browse-edgar?action=getcompany&CIK=ITW
IR,75.4,30.90164,0.0011,2.44,68.07,100.96,29255157760.0,2014700032.0,3.6835082,2.8744614,http://www.sec.gov/cgi-bin/browse-edgar?action=getcompany&CIK=IR
INTC,91.67,,,-2.13,24.05,142.35,484577247232.0,16839999488.0,8.496585,5.280834,http://www.sec.gov/cgi-bin/browse-edgar?action=getcompany&CIK=INTC
INTU,344.3,20.828794,0.0161,16.53,252.84,705.08,94178779136.0,6848999936.0,4.3910284,4.930969,http://www.sec.gov/cgi-bin/browse-edgar?action=getcompany&CIK=INTU
JBL,305.92,38.28786,0.0011,7.99,189.6,428.93,32056467456.0,2396999936.0,0.9543456,24.238968,http://www.sec.gov/cgi-bin/browse-edgar?action=getcompany&CIK=JBL
KEYS,322.62,43.479782,,7.42,158.79,374.963,54942183424.0,1788000000.0,8.347339,8.36128,http://www.sec.gov/cgi-bin/browse-edgar?action=getcompany&CIK=KEYS
KIM,23.92,28.141176,0.0465,0.85,19.76,26.65,16045282304.0,1332118016.0,7.3362136,1.5617654,http://www.sec.gov/cgi-bin/browse-edgar?action=getcompany&CIK=KIM
KLAC,172.94,47.122616,0.0053,3.67,87.834,307.37,225954201600.0,6054757888.0,16.63939,35.599014,http://www.sec.gov/cgi-bin/browse-edgar?action=getcompany&CIK=KLAC
KR,58.51,34.01744,0.0247,1.72,54.15,76.58,35845992448.0,8080000000.0,0.24115168,6.324038,http://www.sec.gov/cgi-bin/browse-edgar?action=getcompany&CIK=KR
LRCX,292.66,50.72097,0.0046,5.77,97.16,438.5,366211596288.0,8641328128.0,15.762772,29.362898,http://www.sec.gov/cgi-bin/browse-edgar?action=getcompany&CIK=LRCX
LOW,201.9,16.895397,0.025,11.95,199.34,293.06,113276805120.0,12728999936.0,1.2526187,-15.22969,http://www.sec.gov/cgi-bin/browse-edgar?action=getcompany&CIK=LOW
MCHP,73.11,107.5147,0.025,0.68,48.52,105.91,39699365888.0,1506099968.0,7.750301,6.1540403,http://www.sec.gov/cgi-bin/browse-edgar?action=getcompany&CIK=MCHP
MU,958.16,21.599638,0.0006,44.36,118.52,1255.0,1082139344896.0,68222001152.0,11.987276,10.739898,http://www.sec.gov/cgi-bin/browse-edgar?action=getcompany&CIK=MU
MSFT,510.12,28.434782,0.0073,17.94,349.2,553.72,3787919458304.0,194237005824.0,11.414931,8.56409,http://www.sec.gov/cgi-bin/browse-edgar?action=getcompany&CIK=MSFT
MPWR,1213.65,74.27479,0.0066,16.34,817.57,1714.09,59642404864.0,1000281984.0,18.22167,15.310526,http://www.sec.gov/cgi-bin/browse-edgar?action=getcompany&CIK=MPWR
MSI,472.23,37.21277,,12.69,359.36,494.85,78151131136.0,3758000128.0,6.3864617,29.249304,http://www.sec.gov/cgi-bin/browse-edgar?action=getcompany&CIK=MSI
NTAP,185.38,26.146685,0.0114,7.09,93.69,209.06,36319637504.0,1884000000.0,5.244713,26.893951,http://www.sec.gov/cgi-bin/browse-edgar?action=getcompany&CIK=NTAP
NDSN,317.49,32.134613,0.0119,9.88,220.35,339.12,17689890816.0,957891008.0,5.9366136,5.4095173,http://www.sec.gov/cgi-bin/browse-edgar?action=getcompany&CIK=NDSN
NVDA,228.45,28.91772,0.0045,7.9,164.07,236.54,5516382175232.0,201266003968.0,18.207684,24.090477,http://www.sec.gov/cgi-bin/browse-edgar?action=getcompany&CIK=NVDA
NXPI,224.99,19.496534,0.0178,11.54,183.0,339.95,56734420992.0,5068000256.0,4.302952,4.979087,http://www.sec.gov/cgi-bin/browse-edgar?action=getcompany&CIK=NXPI
ORLY,87.38,27.651897,,3.16,82.59,108.72,70686990336.0,4169743872.0,3.8059902,-38.85282,http://www.sec.gov/cgi-bin/browse-edgar?action=getcompany&CIK=ORLY
ON,73.65,48.137257,,1.53,44.56,134.92,28673316864.0,2089900032.0,4.62637,3.9718494,http://www.sec.gov/cgi-bin/browse-edgar?action=getcompany&CIK=ON
ORCL,154.04,25.006493,0.0137,6.16,114.5,345.72,443707752448.0,30493999104.0,6.587404,11.812883,http://www.sec.gov/cgi-bin/browse-edgar?action=getcompany&CIK=ORCL
OTIS,71.48,18.234694,0.0248,3.92,69.16,94.565,27210246144.0,2640000000.0,1.8248439,-4.7340884,http://www.sec.gov/cgi-bin/browse-edgar?action=getcompany&CIK=OTIS
PCAR,124.51,26.212631,0.0115,4.75,92.25,139.24,65537703936.0,3271600128.0,2.3561323,3.225063,http://www.sec.gov/cgi-bin/browse-edgar?action=getcompany&CIK=PCAR
PLTR,182.53,156.00854,,1.17,106.37,207.52,438630252544.0,2662629888.0,71.25316,44.869717,http://www.sec.gov/cgi-bin/browse-edgar?action=getcompany&CIK=PLTR
PANW,331.94,286.15518,,1.16,139.57,398.88,270531100672.0,1860999936.0,23.565426,9.75376,http://www.sec.gov/cgi-bin/browse-edgar?action=getcompany&CIK=PANW
PH,964.52,33.866573,0.0084,28.48,715.37,1099.94,121575309312.0,5664000000.0,5.654928,7.895741,http://www.sec.gov/cgi-bin/browse-edgar?action=getcompany&CIK=PH
PNR,60.02,15.429306,0.0177,3.89,57.6,113.95,9699564544.0,1034800000.0,2.4177587,2.555565,http://www.sec.gov/cgi-bin/browse-edgar?action=getcompany&CIK=PNR
PTC,150.08,14.570873,,10.3,108.5,215.49,16284620800.0,1275965952.0,5.512788,4.788921,http://www.sec.gov/cgi-bin/browse-edgar?action=getcompany&CIK=PTC
QCOM,168.57,19.420507,0.0217,8.68,121.99,259.92,180042956800.0,11998999552.0,4.085479,6.442084,http://www.sec.gov/cgi-bin/browse-edgar?action=getcompany&CIK=QCOM
O,61.74,44.739132,0.0529,1.38,55.86,67.94,58419503104.0,5357639168.0,9.631427,1.4771042,http://www.sec.gov/cgi-bin/browse-edgar?action=getcompany&CIK=O
REG,75.92,25.562288,0.0398,2.97,66.86,83.66,14193906688.0,1071214976.0,8.421024,2.0858862,http://www.sec.gov/cgi-bin/browse-edgar?action=getcompany&CIK=REG
ROP,422.35,17.330734,0.0088,24.37,305.96,530.0,41770782720.0,3238000128.0,5.0445976,2.2336752,http://www.sec.gov/cgi-bin/browse-edgar?action=getcompany&CIK=ROP
ROST,231.67,28.047215,0.0077,8.26,143.39,257.0,74007707648.0,3910100992.0,3.019269,11.795825,http://www.sec.gov/cgi-bin/browse-edgar?action=getcompany&CIK=ROST
CRM,264.43,24.2152,,10.92,146.32,269.11,217625886720.0,12899000320.0,4.953022,5.6705694,http://www.sec.gov/cgi-bin/browse-edgar?action=getcompany&CIK=CRM
STX,798.61,58.122997,0.0037,13.74,175.82,1145.0,181284470784.0,4502000128.0,14.865475,83.58032,http://www.sec.gov/cgi-bin/browse-edgar?action=getcompany&CIK=STX
NOW,145.59,90.993744,,1.6,81.24,194.726,150519971840.0,2896999936.0,10.217212,12.026268,http://www.sec.gov/cgi-bin/browse-edgar?action=getcompany&CIK=NOW
SPG,211.52,14.833099,0.0423,14.26,172.19,238.5,80297959424.0,5125174784.0,11.569104,15.5747,http://www.sec.gov/cgi-bin/browse-edgar?action=getcompany&CIK=SPG
SWKS,71.5,37.239586,0.0413,1.92,51.93,90.9,10754026496.0,880200000.0,2.6790628,1.8752624,http://www.sec.gov/cgi-bin/browse-edgar?action=getcompany&CIK=SWKS
SNA,384.19,19.60153,0.0256,19.6,320.8,423.02,19873044480.0,1415500032.0,3.7674732,3.289129,http://www.sec.gov/cgi-bin/browse-edgar?action=getcompany&CIK=SNA
SWK,96.5,23.710073,0.0347,4.07,61.9,104.68,14573106176.0,1791000064.0,0.9557577,1.6266329,http://www.sec.gov/cgi-bin/browse-edgar?action=getcompany&CIK=SWK
SMCI,37.87,11.338324,,3.34,19.48,58.78,24497080320.0,2824158976.0,0.6271161,2.2659009,http://www.sec.gov/cgi-bin/browse-edgar?action=getcompany&CIK=SMCI
SNPS,416.31,72.52788,,5.74,366.0,615.79,79780249600.0,2075485952.0,8.47242,2.5605366,http://www.sec.gov/cgi-bin/browse-edgar?action=getcompany&CIK=SNPS
TGT,164.01,17.013485,0.0284,9.64,83.44,170.75,74508337152.0,8593000448.0,0.6917816,4.175726,http://www.sec.gov/cgi-bin/browse-edgar?action=getcompany&CIK=TGT
TEL,209.41,19.793007,0.0154,10.58,190.27,252.56,60716478464.0,4951000064.0,3.1423497,4.5837803,http://www.sec.gov/cgi-bin/browse-edgar?action=getcompany&CIK=TEL
TDY,607.87,29.3941,,20.68,483.02,697.67,28162091008.0,1592400000.0,4.417999,2.5807507,http://www.sec.gov/cgi-bin/browse-edgar?action=getcompany&CIK=TDY
TER,338.59,46.509613,0.0015,7.28,109.56,487.91,52935413760.0,1504893952.0,11.858209,15.413575,http://www.sec.gov/cgi-bin/browse-edgar?action=getcompany&CIK=TER
TXN,253.83,38.75267,0.0223,6.55,152.73,334.03,231809662976.0,9520000000.0,11.916397,12.869746,http://www.sec.gov/cgi-bin/browse-edgar?action=getcompany&CIK=TXN
TJX,132.19,24.47963,0.0146,5.4,130.15,170.0,146030870528.0,8903000064.0,2.3416266,14.041854,http://www.sec.gov/cgi-bin/browse-edgar?action=getcompany&CIK=TJX
TSCO,34.6,18.020832,0.0275,1.92,28.36,60.87,18027986944.0,1931484032.0,1.1445816,6.8855715,http://www.sec.gov/cgi-bin/browse-edgar?action=getcompany&CIK=TSCO
TRMB,60.1,,,-0.48,47.92,84.42,14014107648.0,880099968.0,3.7045937,2.4702013,http://www.sec.gov/cgi-bin/browse-edgar?action=getcompany&CIK=TRMB
TYL,379.27,49.838367,,7.61,270.71,566.58,15531967488.0,458521984.0,6.392658,5.11118,http://www.sec.gov/cgi-bin/browse-edgar?action=getcompany&CIK=TYL
ULTA,557.11,20.273289,,27.48,443.6,714.97,23820613632.0,1934352000.0,1.8386463,8.776841,http://www.sec.gov/cgi-bin/browse-edgar?action=getcompany&CIK=ULTA
VRSN,293.35,31.816702,,9.22,208.86,312.48,26518841344.0,1186000000.0,15.527163,-11.764588,http://www.sec.gov/cgi-bin/browse-edgar?action=getcompany&CIK=VRSN
GWW,1312.84,32.78821,0.0078,40.04,906.52,1419.91,61983268864.0,3216000000.0,3.2891095,14.968645,http://www.sec.gov/cgi-bin/browse-edgar?action=getcompany&CIK=GWW
WAB,280.83,37.594376,0.0044,7.47,184.26,306.64,47435231232.0,2651000064.0,3.9595351,4.2347245,http://www.sec.gov/cgi-bin/browse-edgar?action=getcompany&CIK=WAB
WMT,108.42,39.282608,0.0093,2.76,98.88,135.16,860176777216.0,44073000960.0,1.1689726,9.150911,http://www.sec.gov/cgi-bin/browse-edgar?action=getcompany&CIK=WMT
WDC,441.57,16.396955,0.0013,26.93,85.92,799.87,159204065280.0,5001999872.0,12.32325,21.112598,http://www.sec.gov/cgi-bin/browse-edgar?action=getcompany&CIK=WDC
XYL,107.89,25.445755,0.0161,4.24,105.29,154.27,25190891520.0,1978000000.0,2.7603433,2.2892,http://www.sec.gov/cgi-bin/browse-edgar?action=getcompany&CIK=XYL
ZBRA,357.5,32.738094,,10.92,199.05,386.23,17028937728.0,1184000000.0,2.9124231,4.932055,http://www.sec.gov/cgi-bin/browse-edgar?action=getcompany&CIK=ZBRA
